name,email,password,created_on
Hamnet Ludgate,hludgate0@gravatar.com,cEuznGbrFS,2020-08-26
Lind Denisard,ldenisard1@youku.com,n8CSvfSLDv,2022-04-19
Guido Lecount,glecount2@uiuc.edu,FhN8lXIcRuH3,2022-08-12
Darice Olivetta,dolivetta3@ovh.net,s7XvyjS,2021-10-03
Early Tottem,etottem4@privacy.gov.au,LrVBpCx7h,2021-07-10
Cosette Mingardo,cmingardo5@last.fm,cymLETJOTf,2021-01-24
Margie Buddleigh,mbuddleigh6@tamu.edu,dnuKojs6VjUM,2020-12-11
Jeffrey Sandercroft,jsandercroft7@facebook.com,B5bxUa,2020-06-12
Cathleen Rapkins,crapkins8@kickstarter.com,NjQmS4s8774q,2020-07-29
Martino Kennermann,mkennermann9@cdc.gov,cUMPziHi3,2020-04-10
Goober Swaisland,gswaislanda@utexas.edu,YajKDUXwNNEv,2023-01-02
Jada Shapera,jshaperab@ucla.edu,wOVgB8k6ONeN,2022-10-15
Kym Flaherty,kflahertyc@dmoz.org,he5mH5X7Rg4Z,2020-02-06
Dud Eilhart,deilhartd@jalbum.net,0zMoE4SqBNo,2023-02-04
Fredek Fowells,ffowellse@miibeian.gov.cn,2lmklkw60,2021-02-28
Hannah Heald,hhealdf@photobucket.com,8emtIDMxMeTm,2021-06-24
Raquela Borthe,rbortheg@apple.com,9woQTvttvyBs,2020-04-23
Daphna Joret,djoreth@google.es,W62cpXefwDM,2020-04-05
Tremain Shemilt,tshemilti@wufoo.com,fwccxC96Q8a,2019-11-14
Gilbertine Epgrave,gepgravej@blogtalkradio.com,qwEpO4O7,2023-02-07
Ericha Nannizzi,enannizzik@boston.com,XWGJlIsM0t,2019-08-21
Dorita Tidbold,dtidboldl@mlb.com,jjLrMnpFA,2020-05-19
Devi Rozenzweig,drozenzweigm@naver.com,FsioKyD,2023-02-02
Hewie Coghlin,hcoghlinn@123-reg.co.uk,lFlr8IIK,2021-08-09
Raphael Chillistone,rchillistoneo@shutterfly.com,M24nUFyM,2022-04-30
Ferdinanda Dorow,fdorowp@umn.edu,KOR5oWI,2023-01-13
Adelind Midner,amidnerq@nationalgeographic.com,1hRl4O,2021-12-18
Laure Babe,lbaber@europa.eu,iiiA0kdL,2020-07-01
Claire Wornham,cwornhams@geocities.jp,qMneoj9,2022-06-17
Jack Brokenshaw,jbrokenshawt@shutterfly.com,s6Dyd6Enb,2019-07-16
Ernestine Goodlad,egoodladu@nytimes.com,A6omoo357Wfz,2022-11-05
Max Goldsby,mgoldsbyv@pagesperso-orange.fr,5ZVszRWjDqQ,2020-01-30
Reinhold McCann,rmccannw@phpbb.com,dW5GmwtcGYoF,2021-08-17
Romona Nelles,rnellesx@livejournal.com,vm0o30,2022-04-11
Tina Wroughton,twroughtony@china.com.cn,C7wWwy,2022-06-30
Tull Agnolo,tagnoloz@alibaba.com,ULRoHrspqV,2021-05-05
Janene Cohen,jcohen10@bing.com,d9EUrMjoJUmo,2022-04-10
Davy Ealden,dealden11@rakuten.co.jp,RSC7HY,2023-01-10
Daloris Lapwood,dlapwood12@merriam-webster.com,ip0Tgx3wHKP,2021-10-04
Daniela Wickling,dwickling13@hc360.com,aPrLhoRv4,2022-10-25
Myrtie Hague,mhague14@cocolog-nifty.com,g8uZJweYbmz,2021-06-18
Garland Willbond,gwillbond15@yandex.ru,7yfTPkSojo,2019-11-05
Maryl Neve,mneve16@live.com,wdc1elZ8M,2022-07-13
Lind Thurske,lthurske17@twitpic.com,HV3f4qqE8o,2019-12-07
Buffy Bicksteth,bbicksteth18@miibeian.gov.cn,exMpJp0,2020-08-20
Christean MacCrossan,cmaccrossan19@apple.com,NchxnwjaL,2021-09-10
Farleigh L Estrange,fl1a@yelp.com,UI2CyuKiUn,2019-12-05
Nissy Kinchlea,nkinchlea1b@ask.com,PIxFamsFX,2021-02-24
Valene Belson,vbelson1c@cmu.edu,U00m7tK,2022-05-02
Mada Bordessa,mbordessa1d@nasa.gov,y6svwyFc,2022-01-29
Tomlin Hollyer,thollyer1e@webs.com,VyuMxSV,2021-07-14
Jabez MacDowal,jmacdowal1f@oaic.gov.au,7YizXd,2020-04-18
Lesley Nias,lnias1g@washingtonpost.com,L9uy3eh440,2022-04-15
Justinn Lis,jlis1h@patch.com,UNtwQtvygxe,2022-04-28
Clarisse Cariss,ccariss1i@house.gov,gE6Vflh,2020-01-08
Casey Vinick,cvinick1j@nba.com,9ujQpJn7,2020-08-22
Earl Kristoffersson,ekristoffersson1k@dailymotion.com,Lg9xxKZS4,2020-01-25
Tybie Yakutin,tyakutin1l@va.gov,2D7CKqY,2021-03-19
Rachele Rawsthorne,rrawsthorne1m@hp.com,gEHgyzj,2020-08-30
Sharona Collington,scollington1n@sourceforge.net,sQzLjr,2021-07-01
Mickie Clewer,mclewer1o@narod.ru,Rljzhdu8fVAM,2019-08-14
Marnie Bruhnke,mbruhnke1p@histats.com,zYGp1cw,2020-08-11
Adele Hastings,ahastings1q@usda.gov,QLZyji3e,2019-10-07
Candide Wicher,cwicher1r@sciencedirect.com,fWEjjhWq6cj4,2022-08-31
Ingar Barehead,ibarehead1s@ovh.net,vCYeiIGpD,2020-08-07
Midge Larman,mlarman1t@ebay.com,RTLCbfJYCSce,2021-07-11
Tildi Trembley,ttrembley1u@cnet.com,inHNJJNgV7,2020-02-05
Coretta Demer,cdemer1v@cargocollective.com,mJWth2GzhZos,2020-08-29
Ann Myhan,amyhan1w@toplist.cz,BPgs53SM5B,2021-01-17
Merrill Petters,mpetters1x@xing.com,Lrqcz20KOEky,2023-01-03
Janeva Nabarro,jnabarro1y@ucla.edu,sQzgfS6N,2020-02-24
Stephanus Jarley,sjarley1z@pbs.org,wSl0nu,2023-01-16
Giacinta Episcopi,gepiscopi20@yale.edu,1jkku9,2019-10-01
Eachelle McQuin,emcquin21@flavors.me,t8qQo8oLCiLS,2020-01-02
Gertie Christophers,gchristophers22@chicagotribune.com,HIzLQJ,2019-11-20
Lise Villiers,lvilliers23@instagram.com,paXLXS,2023-01-21
Natala Syme,nsyme24@nsw.gov.au,CZfTEC4LhdB,2021-01-25
Budd Frears,bfrears25@weather.com,NMGxoBglv1,2019-09-09
Evelin Desseine,edesseine26@marketwatch.com,O1OJCET66FGL,2021-01-27
Thorpe Syddie,tsyddie27@cargocollective.com,zahMcQjF1B,2023-02-07
Ingeborg Tatterton,itatterton28@simplemachines.org,O5wVqcjN6UR,2020-06-10
Clareta Vlasenko,cvlasenko29@google.com.br,aRu09DfKeNnT,2021-02-08
Chandal Saby,csaby2a@hc360.com,o7YPiUr4IvAp,2022-03-01
Hulda Kibblewhite,hkibblewhite2b@reverbnation.com,rYqYD2J,2022-02-09
Caril Fortman,cfortman2c@businesswire.com,7k02YaoQw8n,2021-10-17
Antonella Duke,aduke2d@cbslocal.com,INEf0eUn,2021-08-12
Tonia Quenell,tquenell2e@google.co.jp,dZEv2bN,2020-09-08
Sallie De La Hay,sde2f@cafepress.com,Yp7Vtrh6,2019-10-10
Amber Brosini,abrosini2g@pcworld.com,k1dH7r25e3,2021-09-28
Hunfredo Mundie,hmundie2h@cornell.edu,cfyClamdOhT,2020-12-19
Roscoe Baron,rbaron2i@biblegateway.com,xHJ9hb,2022-12-06
Queenie Dingivan,qdingivan2j@blinklist.com,fNKbe7a,2020-05-10
Maryrose Cadd,mcadd2k@cnn.com,K5x5UmYsrcK,2023-01-12
Loleta Bodiam,lbodiam2l@deliciousdays.com,Grip8XHXqV5h,2022-06-10
Birk Gammet,bgammet2m@bbc.co.uk,UpjNNMeri,2021-12-04
Caye Tarbin,ctarbin2n@wikipedia.org,44zKlf,2022-05-15
Agatha Flemming,aflemming2o@rakuten.co.jp,mN1u5b63eb,2022-02-10
Florrie Ruoss,fruoss2p@wikipedia.org,Ny4STi,2022-11-20
Darryl Abrehart,dabrehart2q@technorati.com,vW3WpmxJGk,2021-02-23
Dorothee Crandon,dcrandon2r@epa.gov,mnlCEWjlC,2020-04-05
Danna Cassy,dcassy2s@microsoft.com,WAtQ2vC,2022-08-06
Maggie Iddy,middy2t@nydailynews.com,mGME5ohuJDrO,2022-05-18
Frants McNickle,fmcnickle2u@netvibes.com,wUeMNkWKoZg,2022-04-07
Chas Lowth,clowth2v@themeforest.net,mAg5Gu8lbNt,2021-01-30
Simone Bedo,sbedo2w@imdb.com,h2Sc9biK2,2022-07-21
Amata Brotheridge,abrotheridge2x@zdnet.com,TY8pnrSIx,2022-07-12
Lewiss Missen,lmissen2y@odnoklassniki.ru,slrfDc,2022-10-17
Leontyne Hinrichs,lhinrichs2z@ask.com,qViuqd14Zj,2022-03-23
Shelli Stratz,sstratz30@ezinearticles.com,8cxZh1TwAJ0s,2022-05-12
Gail Shakesbye,gshakesbye31@howstuffworks.com,sdU1vV,2022-05-05
Ashlee Hartrick,ahartrick32@answers.com,zoY3V5lJgyib,2021-09-22
Meghann Springle,mspringle33@bing.com,4rhkdoek,2019-09-25
Hubie Minett,hminett34@addthis.com,RoQWDz,2022-09-16
Catherina Morter,cmorter35@opera.com,RE9eCZhxEXn,2019-07-15
Allyce Verman,averman36@4shared.com,vqMprj4,2023-02-10
Cross Danit,cdanit37@smugmug.com,uUchmfHUki,2019-09-22
Karolina Males,kmales38@globo.com,VR0X3yMj592,2020-06-11
Maybelle Moorcroft,mmoorcroft39@furl.net,W8uk9Ek,2021-11-17
Adair Dobeson,adobeson3a@telegraph.co.uk,rMzeiM2l,2019-07-15
Curcio Andrez,candrez3b@liveinternet.ru,iyrBFkg4,2021-09-02
Odell Llewellin,ollewellin3c@skyrock.com,OjJeCr,2021-11-13
Alvan Huertas,ahuertas3d@umich.edu,Mdd7AGDausVe,2020-09-08
Kelly Purseglove,kpurseglove3e@cnbc.com,2luJlrALSx7,2020-03-04
Isobel Heisman,iheisman3f@github.com,iPJri5GpNh,2022-01-12
Justin Jaimez,jjaimez3g@columbia.edu,RQtk0nNm3oL,2020-05-02
Boone Orteau,borteau3h@xing.com,0OuMuCv,2019-07-06
Isahella Solley,isolley3i@pbs.org,opGnmHtXClz,2022-10-05
Harman Efford,hefford3j@ezinearticles.com,TqpCdqkGiK,2022-02-06
Lev West,lwest3k@google.de,a2kQugoMAqe3,2019-12-07
Kristian Joubert,kjoubert3l@sohu.com,6I5j90yhdmj,2021-04-10
Eilis Poll,epoll3m@cocolog-nifty.com,byzektn,2021-10-08
Brigida Robben,brobben3n@smh.com.au,jS4tOrxXn,2019-07-27
Ayn Davoren,adavoren3o@printfriendly.com,5gRIlqM,2021-09-26
Brook Donnell,bdonnell3p@ocn.ne.jp,cMPEQj,2022-09-14
Hana Dillet,hdillet3q@webeden.co.uk,NLxNjAltYtnw,2022-07-20
Georas Liddall,gliddall3r@meetup.com,bwBUJwv28,2020-09-30
Lucias Sellers,lsellers3s@surveymonkey.com,JTcLMBSlCM,2022-04-06
Idalia Stenning,istenning3t@desdev.cn,28MxaBaA,2020-03-20
Mollie Povlsen,mpovlsen3u@exblog.jp,mSkHEdnKq,2019-11-04
Anderson Crittal,acrittal3v@pinterest.com,nqDfFcPWTl5,2021-03-15
Beatrix Vel,bvel3w@netlog.com,4SHHk8hBCXc,2020-09-22
Gerti McGettigan,gmcgettigan3x@cloudflare.com,zWsOWG,2020-11-27
Marquita Measen,mmeasen3y@moonfruit.com,v5ZpCKVLlY,2021-05-11
Cleon Giacomuzzi,cgiacomuzzi3z@exblog.jp,MVMvie3TuXeR,2020-08-25
Rozina Chasteney,rchasteney40@ycombinator.com,dACWtzs7xMt,2021-12-30
Adora Strevens,astrevens41@mac.com,d3xuOs2Ss,2022-04-23
Elwyn Tattersfield,etattersfield42@ucoz.ru,AJtUDvf,2022-01-06
Florina Gammage,fgammage43@google.nl,f5OtwDK2,2021-02-08
Piper Olivet,polivet44@shinystat.com,LVlcKvaRg41S,2021-04-19
Doralyn Glas,dglas45@domainmarket.com,EkyeQbhe1j,2019-11-09
Cathe Louder,clouder46@furl.net,BpC6HM6G5z2,2022-08-05
Teri Nowell,tnowell47@biglobe.ne.jp,hYKnHL4EVqFs,2020-03-10
Johan Lyte,jlyte48@nature.com,ISne3zym5,2021-07-28
Ugo Kirkbright,ukirkbright49@yolasite.com,2w7DZ6yjNCK,2020-12-02
Genna Basini-Gazzi,gbasinigazzi4a@t-online.de,4a5P4yp4M,2019-07-20
Boycey Etty,betty4b@people.com.cn,CiZlnO,2022-11-17
Stacie Tunnow,stunnow4c@sohu.com,bI1vtnW,2023-01-27
Edyth Carbett,ecarbett4d@techcrunch.com,OuZJWPkgaAG,2021-01-07
Natalie Dalling,ndalling4e@wired.com,BDlOaCHipG,2021-07-20
Nero Timlin,ntimlin4f@edublogs.org,RUbUCWC2n7,2020-12-03
Percival Whittuck,pwhittuck4g@bing.com,0quzey,2020-09-16
Ezequiel Keniwell,ekeniwell4h@yelp.com,ZtVxB2v4IODc,2020-08-16
Ramsey Chape,rchape4i@oakley.com,jUwVolUEQEm,2020-11-19
Prudi Akister,pakister4j@creativecommons.org,d8PFB9Xdk,2020-04-23
Felix Berni,fberni4k@unblog.fr,CE3LQMUURQ13,2021-09-13
Dyanne Gayden,dgayden4l@ow.ly,SNRK6M0coMJ9,2022-08-17
Lynea Ethersey,lethersey4m@arizona.edu,cb6M6dk,2020-07-04
Marylinda Capper,mcapper4n@dot.gov,CyArQJ,2022-06-19
Ashby Bau,abau4o@alexa.com,eCFMio4kV8nf,2022-11-24
Nikolas Adamsky,nadamsky4p@issuu.com,zSODxrLh,2021-09-27
Dwayne Tilsley,dtilsley4q@cornell.edu,ZmjNBPkOwUq,2019-10-09
Balduin Carlone,bcarlone4r@bloglovin.com,mK67FBckeF,2021-08-28
Antonetta Van de Vlies,avan4s@disqus.com,W4G5IupFwwtp,2021-08-05
Maddie Pears,mpears4t@freewebs.com,i0xnIEU,2020-08-17
Chrystel Tweddell,ctweddell4u@google.com.hk,xqFWrOF0k,2020-11-28
Belicia Yarn,byarn4v@google.co.uk,wv6nOpr,2020-12-21
Hort Denizet,hdenizet4w@google.ca,ZfrPR1mvy9e,2021-02-12
Pierce Cumbers,pcumbers4x@blogs.com,rZbWQuK3il7Q,2021-03-30
Danice Lummus,dlummus4y@mlb.com,jRcShehbGGi,2020-04-06
Anthia Henken,ahenken4z@wordpress.org,efZl2TY,2022-01-06
Dennie Scrivens,dscrivens50@va.gov,03Cemyu,2021-02-06
Galvan Dobbs,gdobbs51@census.gov,cwsDZedMhu9,2021-08-11
Suzanna Sineath,ssineath52@aboutads.info,eg0Am5m,2021-03-05
Helen Sorsbie,hsorsbie53@umn.edu,8cTndChu0,2022-09-22
Eduardo Signe,esigne54@prweb.com,KVqIlZc,2022-11-08
Dewie Perview,dperview55@aboutads.info,jypoGk4hG,2019-07-11
Phaidra Beevens,pbeevens56@washingtonpost.com,xSvkjWG5l2xP,2019-08-25
Puff Renshell,prenshell57@mtv.com,Z9bFvTqwV1,2023-01-22
Livia Pontain,lpontain58@exblog.jp,Fg758jY7zp,2020-04-01
Peg Tosh,ptosh59@com.com,WVMixepn,2020-03-28
Falito Heberden,fheberden5a@auda.org.au,TBAxMYodXh55,2022-07-28
Lora Sigsworth,lsigsworth5b@columbia.edu,80X5DRLj,2022-06-20
Auria Luker,aluker5c@zimbio.com,sF2LGfZYCZ,2020-04-24
Angil Bussetti,abussetti5d@oracle.com,eNMNVce7XnQs,2020-07-30
Dana Shakesby,dshakesby5e@nps.gov,I3fE2mVP9c,2022-07-24
Godfree Tithecote,gtithecote5f@printfriendly.com,upuLTF,2021-01-05
Horton Tasseler,htasseler5g@aol.com,zPUddi9zfnm,2019-12-22
Barde Birdsey,bbirdsey5h@sohu.com,HB79457VxGZ,2019-10-31
Eldin Lavall,elavall5i@com.com,qgqDAAKPOp,2020-06-23
Trista Breakwell,tbreakwell5j@flavors.me,ZuKKawwl60,2020-10-02
